"position_title","ontario_no_jobs","Ontario_job_growth","Ontario_salary","Ontario_salary_growth","Albarta_no_jobs","Albarta_job_growth","Albarta_salary","Albarta_salary_growth","BC_no_jobs","BC_job_growth","BC_salary","BC_salary_growth","Manitoba_no_jobs","Manitoba_job_growth","Manitoba_salary","Manitoba_salary_growth","New_Brunswick_no_jobs","New_Brunswick_job_growth","New_Brunswick_salary","New_Brunswick_salary_growth","Newfoundland_and_Labrador_no_jobs","Newfoundland_and_Labrador_job_growth","Newfoundland_and_Labrador_salary","Newfoundland_and_Labrador_salary_growth","Northwest_Territories_no_jobs","Northwest_Territories_job_growth","Northwest_Territories_salary","Northwest_Territories_salary_growth","Nova_Scotia_no_jobs","Nova_Scotia_job_growth","Nova_Scotia_salary","Nova_Scotia_salary_growth","Nunavut_no_jobs","Nunavut_job_growth","Nunavut_salary","Nunavut_salary_growth","Prince_Edward_Island_no_jobs","Prince_Edward_Island_job_growth","Prince_Edward_Island_salary","Prince_Edward_Island_salary_growth","Quebec_no_jobs","Quebec_job_growth","Quebec_salary","Quebec_salary_growth","Saskatchewan_no_jobs","Saskatchewan_job_growth","Saskatchewan_salary","Saskatchewan_salary_growth","Yukon_no_jobs","Yukon_job_growth","Yukon_salary","Yukon_salary_growth"
"Quality Assurance Engineer",84300,17.88,122575,-1.48,7100,19.64,88450,-4.12,10700,13.48,108700,5.56,26700,17.88,145300,0.28,73300,9.08,96025,8.2,29500,2.92,144850,7.32,26100,6.44,71050,13.48,42300,16.12,71725,2.04,68100,-5,89800,6.44,55100,1.16,57775,10.84,60900,-0.6,87175,5.56,98300,16.12,53875,-2.36,92900,10.84,81775,9.96
"Programmer Analyst",52700,2.92,120175,1.16,85100,6.44,118000,3.8,29300,9.08,59425,14.36,58100,9.08,46975,15.24,86900,2.04,144175,12.6,67100,8.2,121075,17.88,98300,1.16,56950,16.12,23700,-5,108775,8.2,60300,7.32,56125,-0.6,19100,6.44,46150,4.68,69500,-0.6,78175,-4.12,16500,17,71725,14.36,62300,1.16,53875,-4.12
"Full Stack Developer",46700,6.44,52525,13.48,33900,17,115450,4.68,77100,6.44,50800,6.44,96700,-3.24,131425,12.6,7300,2.04,43150,-0.6,45900,3.8,61225,4.68,69700,11.72,40375,2.04,88700,-4.12,149500,17.88,49100,11.72,86875,13.48,51300,7.32,118525,7.32,29700,1.16,61300,-4.12,91300,17,43450,3.8,96500,11.72,76600,18.76
"iOS Engineer",62700,3.8,88450,5.56,30300,-1.48,75400,11.72,63700,-2.36,46075,17,53100,9.96,96700,19.64,47100,2.04,102400,2.04,94900,16.12,125275,2.04,25300,4.68,86650,5.56,29700,1.16,75175,12.6,45300,2.92,85525,-4.12,98500,8.2,1e+05,-2.36,98500,13.48,112375,10.84,27900,8.2,118225,11.72,58500,8.2,60550,-4.12
"Games UI Engineer",83100,8.2,85450,18.76,65300,-3.24,40600,19.64,45500,15.24,122575,10.84,78300,3.8,113950,-3.24,55500,19.64,79750,11.72,24500,5.56,43900,1.16,24100,1.16,106600,-4.12,68900,17.88,141550,10.84,78300,7.32,52825,6.44,62900,2.04,148750,14.36,83900,-3.24,50050,-4.12,41500,15.24,78775,14.36,70700,14.36,138400,2.92
"Information Security Engineer",99500,10.84,51400,11.72,69300,8.2,102325,3.8,40900,0.28,58900,-4.12,25500,13.48,107650,3.8,35500,18.76,146125,-5,48100,15.24,67675,-1.48,46500,18.76,68875,-3.24,39100,17.88,79000,9.08,10700,18.76,145675,14.36,74500,-2.36,78100,6.44,40100,-4.12,109675,5.56,28100,-0.6,61225,0.28,81500,9.96,54025,1.16
"Prototyping Data Engineer",69700,7.32,119875,6.44,50700,17.88,130375,9.08,52700,9.08,146200,7.32,33900,-1.48,61225,17,24100,0.28,106450,-4.12,71100,9.08,45175,10.84,87500,-5,70150,3.8,57300,8.2,77650,2.04,9900,-1.48,71950,19.64,55500,11.72,108100,2.04,45700,3.8,140950,8.2,6100,9.08,135700,10.84,47100,10.84,91000,4.68
"Robotics Mechatronic Engineer",65100,-2.36,70525,18.76,35500,-1.48,110050,-3.24,13300,2.04,53950,4.68,78900,6.44,84100,18.76,23100,16.12,105775,-5,30300,13.48,65950,16.12,63700,19.64,143200,-2.36,95500,-0.6,140950,19.64,89900,7.32,128125,10.84,14100,2.92,53650,8.2,15900,1.16,140725,3.8,40700,16.12,142900,4.68,69500,19.64,50200,19.64
"Linux Platform Software Engineer",92100,8.2,137950,-5,32300,16.12,84175,2.92,75700,12.6,77950,19.64,16500,13.48,68200,15.24,54300,-2.36,145900,16.12,6100,-1.48,135100,6.44,48300,16.12,96775,13.48,83500,17.88,113125,7.32,54700,6.44,141550,11.72,32300,17,56800,0.28,78900,17.88,149950,17.88,43300,7.32,43075,9.08,91300,8.2,65725,9.96
"Machine Learning Engineer",38300,-1.48,58225,13.48,98700,18.76,129700,-3.24,37700,-1.48,149200,17,60700,2.92,68500,13.48,29900,11.72,97525,17.88,65100,13.48,130225,3.8,66300,5.56,145900,10.84,93900,16.12,95425,11.72,47100,-2.36,77500,9.96,43700,-1.48,118825,8.2,41500,-0.6,146800,19.64,12700,-0.6,80125,-3.24,75300,4.68,111400,18.76
"Data Engineer, Natural Language Processing (NLP)",70100,3.8,89125,0.28,41100,8.2,135625,-1.48,69100,4.68,135550,4.68,44500,6.44,149575,13.48,90500,8.2,72175,6.44,47300,15.24,65350,1.16,7700,4.68,101500,5.56,12100,-0.6,92350,8.2,33700,19.64,56575,4.68,38100,7.32,127675,15.24,80700,18.76,124150,7.32,38500,-3.24,74275,1.16,40500,9.08,90325,10.84
"Senior Full Stack Developer",65900,1.16,78100,-0.6,93900,-4.12,146050,4.68,86300,9.08,136150,17,15100,-1.48,56800,6.44,65300,13.48,90850,17.88,60700,7.32,80350,-0.6,87300,8.2,116275,1.16,77900,9.96,91150,-0.6,44500,15.24,62275,11.72,80300,15.24,147850,5.56,44900,17,108700,12.6,13700,6.44,46450,19.64,43700,14.36,63700,-5
"IOT Software Development Engineer",65500,7.32,71425,11.72,25700,16.12,44125,-3.24,56300,8.2,43600,-5,94300,-5,85900,-2.36,32500,6.44,82900,3.8,31500,9.08,105625,10.84,21100,19.64,53200,15.24,27900,1.16,104275,3.8,87100,-3.24,103450,18.76,86900,2.92,97300,9.08,45300,2.04,61825,-1.48,99700,-0.6,41500,-3.24,74300,10.84,115225,9.08
"Mobile Software Development",42900,2.04,83425,-1.48,43900,-3.24,121600,12.6,90500,-0.6,137350,5.56,75700,11.72,133825,19.64,32300,-2.36,57850,4.68,80300,2.92,65875,8.2,11500,9.96,49225,12.6,9900,16.12,45925,8.2,11900,-4.12,43825,7.32,85900,-3.24,93475,10.84,60500,17,117325,3.8,57700,-3.24,103750,17.88,98100,6.44,130750,10.84
"Deep Learning Backend Engine Developer",35500,-1.48,90550,2.04,52900,9.96,60550,16.12,11500,3.8,94750,9.96,8300,4.68,84250,9.08,51700,15.24,143575,5.56,38900,2.92,98125,18.76,9300,-5,141400,1.16,27500,17,106900,10.84,36700,8.2,121075,5.56,21100,19.64,82750,2.04,84900,6.44,116650,17.88,70700,10.84,61675,-1.48,47100,-1.48,62500,10.84
"Game Network Engineer",23300,-2.36,51925,-0.6,51500,14.36,118000,19.64,11900,3.8,91825,3.8,55700,10.84,66400,11.72,61700,17.88,106150,-2.36,29700,2.92,123175,2.04,26900,13.48,67375,0.28,87900,0.28,68650,17,37300,-2.36,75400,12.6,21100,7.32,90025,-5,32100,7.32,40225,-3.24,68100,3.8,51925,7.32,54100,5.56,87325,7.32
"Cloud Software Development Engineer",38700,-0.6,86575,11.72,46100,9.08,50200,9.96,79100,-3.24,147925,3.8,17700,0.28,67975,16.12,28300,8.2,90475,0.28,8500,16.12,113050,4.68,76300,-0.6,94525,2.92,15100,19.64,135175,13.48,21900,11.72,139150,10.84,51900,16.12,140575,18.76,36300,7.32,111775,18.76,79100,17,142750,13.48,97100,12.6,142075,-1.48
"Game Engineer - AI",11500,0.28,136675,10.84,15100,-0.6,140650,9.96,63500,1.16,89425,10.84,22900,10.84,148075,-1.48,91900,2.92,127975,11.72,34500,-3.24,93250,8.2,19900,-5,142525,5.56,96900,3.8,116425,-3.24,59700,9.08,97825,2.04,62100,16.12,45775,9.96,53500,-0.6,58825,1.16,88300,8.2,94300,19.64,83700,10.84,149200,-0.6
"Applied Scientist",92300,-2.36,107050,0.28,30700,18.76,124375,5.56,12100,2.04,149800,2.04,63100,11.72,116350,11.72,44900,15.24,59875,11.72,32100,11.72,77875,-0.6,22900,1.16,49150,12.6,12100,13.48,43075,9.96,68300,16.12,115825,16.12,73700,8.2,50875,9.08,49100,8.2,118300,17,25700,2.92,91300,8.2,83700,2.04,127900,2.04
"Deep Learning Backend Engine Software Developer",21500,19.64,77050,17,31500,12.6,111400,-2.36,88900,9.08,92275,-5,64900,16.12,98275,12.6,89700,18.76,94225,11.72,96100,-2.36,122425,10.84,90300,17.88,40150,11.72,10900,5.56,70075,17,55500,13.48,64600,18.76,6300,10.84,57250,2.04,29900,-4.12,71950,-4.12,75300,-4.12,112225,3.8,23100,7.32,63025,0.28
"Deep Learning Workload Optimization Engineer",6700,10.84,79300,18.76,60900,-2.36,121300,7.32,83500,10.84,116500,17,32100,17.88,107125,18.76,57900,8.2,62500,0.28,95700,15.24,45325,-0.6,80700,0.28,45550,14.36,26100,17.88,147325,4.68,29300,0.28,67750,-4.12,8700,-4.12,70675,12.6,61100,8.2,117625,10.84,37900,13.48,87475,15.24,28700,-3.24,52150,2.92
"Senior Gameplay Engineer",43100,14.36,128950,13.48,75100,2.04,131650,3.8,4500,0.28,147400,18.76,6500,-4.12,124300,14.36,5300,2.92,144250,-4.12,31500,-1.48,47425,-5,47100,-1.48,118000,13.48,17100,10.84,119275,13.48,47300,11.72,92050,5.56,19100,14.36,40375,8.2,53900,15.24,106600,7.32,67700,15.24,129175,-3.24,31100,4.68,98125,17.88
"Data Engineer - Devices Central Engagement",81100,9.96,127000,-0.6,43700,14.36,80500,18.76,84500,-4.12,129550,9.08,93300,12.6,141250,10.84,70100,-4.12,84175,1.16,5500,10.84,78175,6.44,49500,17,43825,4.68,87500,-0.6,76075,4.68,63900,-1.48,61000,17.88,31900,17,68275,4.68,86500,-0.6,66475,-3.24,93700,15.24,43150,-1.48,43900,7.32,55675,0.28
"Director of Engineering",83100,4.68,48700,2.04,3700,9.96,92650,-2.36,76100,17,111475,4.68,89300,10.84,100300,12.6,19100,1.16,82375,6.44,12100,18.76,90475,2.92,70300,14.36,134800,4.68,42700,14.36,56200,3.8,98900,13.48,127150,-1.48,22300,2.04,144250,12.6,45900,-3.24,53200,5.56,45300,-2.36,133000,3.8,16700,17.88,140125,-2.36
"Integration Engineer, Developer Relations",12500,15.24,82675,9.08,5100,0.28,74200,8.2,29900,5.56,128350,17.88,80900,2.04,122200,-0.6,52900,-5,106000,17.88,98500,0.28,105100,12.6,91300,7.32,110950,2.04,50900,17.88,93775,-4.12,26500,-0.6,111550,-2.36,7500,10.84,117925,14.36,78500,5.56,76375,5.56,57500,0.28,45025,18.76,42300,-0.6,85675,2.92
"Senior Government Official",75500,0.28,62650,10.84,56700,-5,132925,-2.36,60500,-1.48,135175,14.36,37300,11.72,43150,16.12,31500,12.6,57475,17,30100,19.64,121525,1.16,22500,3.8,82675,16.12,64300,9.96,70750,10.84,82700,1.16,121075,3.8,36700,-5,75325,5.56,85900,9.08,137125,6.44,77100,-2.36,81625,2.04,62300,1.16,82375,3.8
"Senior Communication Manager",14700,2.04,102700,17,90300,-1.48,72625,-5,81900,16.12,55525,-2.36,49700,5.56,139525,2.92,37700,13.48,48250,-5,45700,9.96,57625,-1.48,65300,5.56,82975,-4.12,92100,1.16,40225,2.04,58100,15.24,130825,17.88,58700,-3.24,40000,11.72,55100,9.08,138925,9.96,4900,-4.12,130600,6.44,28300,-0.6,49225,9.96
"Senior Service Manager",50300,6.44,118975,3.8,13500,-1.48,112525,1.16,77900,9.08,49825,10.84,48500,5.56,91300,-2.36,88300,17.88,89275,2.04,90300,10.84,62725,17.88,46500,18.76,119800,14.36,19100,-3.24,127825,-2.36,98100,15.24,43000,4.68,4700,17,120400,0.28,61700,11.72,128200,14.36,39100,10.84,76525,12.6,7500,17.88,114550,10.84
"Senior Construction Manager",51300,17,52975,0.28,10900,6.44,112150,-4.12,40900,-5,64675,13.48,48900,2.04,60175,13.48,97100,6.44,64300,-1.48,52100,15.24,112825,16.12,13900,5.56,72175,2.04,82500,6.44,63550,18.76,89500,0.28,125875,9.96,7700,11.72,132025,9.08,3700,8.2,111250,1.16,13900,13.48,68875,8.2,65700,13.48,65200,-3.24
"Financial Manager",29900,1.16,67000,11.72,61500,17,98500,17.88,55100,5.56,53125,11.72,4900,11.72,137500,-2.36,82100,7.32,73975,18.76,9900,12.6,130675,13.48,24500,0.28,44050,-0.6,85900,18.76,146650,17,71500,2.92,66175,13.48,13100,15.24,90475,12.6,69300,6.44,59575,12.6,34700,-2.36,89875,-1.48,88500,13.48,149050,13.48
"Human Resources Manager",59100,1.16,110500,-2.36,7100,4.68,92275,17,57700,6.44,109900,-2.36,98900,6.44,108925,-4.12,87300,-3.24,142825,17,10100,8.2,80125,7.32,60100,17.88,40450,18.76,50500,7.32,140950,-5,62900,10.84,83500,7.32,47700,4.68,54625,19.64,93300,-0.6,55000,-5,84100,2.92,68950,11.72,38300,-0.6,129100,16.12
"Purchasing Manager",23100,-3.24,71350,-2.36,72300,16.12,59200,3.8,26900,13.48,102325,5.56,82900,17,127525,6.44,24100,3.8,57400,7.32,67900,5.56,69325,-3.24,40500,11.72,77800,14.36,95900,-0.6,95800,15.24,79100,-0.6,123775,9.08,18900,17,129175,6.44,32500,16.12,118150,9.96,65300,11.72,148150,2.04,5300,19.64,75250,11.72
"Insurance Manager",43500,-1.48,146950,6.44,9100,-1.48,62200,4.68,79900,17.88,100375,4.68,14900,2.04,108700,4.68,83900,8.2,146650,5.56,40700,17,121750,9.08,62900,16.12,55225,18.76,14700,3.8,76300,-1.48,30300,11.72,118675,3.8,27700,10.84,135025,5.56,94900,13.48,133225,18.76,28500,2.92,43075,10.84,77100,2.92,115900,-0.6
"Investment Manager",13100,9.08,142525,-0.6,13700,7.32,54100,9.08,96300,3.8,45100,9.08,60300,-5,86350,14.36,67900,19.64,114100,-5,25100,3.8,134350,17.88,29500,-1.48,74275,6.44,76700,19.64,114100,17.88,66100,-3.24,71350,18.76,63300,11.72,118600,16.12,95900,9.08,48850,10.84,27500,-3.24,51850,11.72,55100,12.6,45475,1.16
"Marketing Manager",49300,15.24,83500,19.64,35100,1.16,96775,2.04,28300,-5,117700,5.56,47100,16.12,113800,5.56,12300,10.84,149200,12.6,39900,17.88,109675,14.36,11900,18.76,134200,8.2,13100,6.44,66100,6.44,73900,6.44,62275,19.64,11900,9.96,149125,-2.36,22300,8.2,49975,18.76,25100,2.92,119800,19.64,45300,14.36,132025,1.16
"Telecommunication Manager",48300,-0.6,119275,-4.12,40700,10.84,86275,9.96,37700,10.84,85225,7.32,32300,6.44,148825,-1.48,98500,15.24,58750,-4.12,31300,-4.12,72625,9.08,19300,18.76,128200,14.36,47100,1.16,48850,12.6,64500,9.96,78550,15.24,69100,10.84,123700,2.92,87100,3.8,62050,1.16,79500,14.36,70600,-5,22700,-0.6,108325,2.92
"Postal and Courier Services Manager",28500,15.24,130000,2.92,91900,11.72,143125,13.48,18900,0.28,148225,12.6,44300,13.48,97675,8.2,69300,2.04,145675,8.2,6100,15.24,111100,-4.12,12900,18.76,95800,4.68,79900,-4.12,68125,-3.24,86100,-0.6,125875,3.8,19900,10.84,81250,3.8,11700,9.96,146200,6.44,70100,7.32,43225,9.96,44900,9.96,99625,-5
"Engineering Manager",76300,18.76,42175,14.36,37900,2.92,48025,12.6,61300,6.44,96325,2.92,56300,7.32,74200,8.2,40900,0.28,144475,11.72,42300,-1.48,143950,-4.12,70100,5.56,49900,2.92,94500,1.16,81550,17,85100,-5,68500,19.64,93700,12.6,121150,-3.24,42900,17.88,57925,7.32,93700,3.8,128050,13.48,39900,8.2,107950,5.56
"Architecture and Science Manager",46300,2.92,79225,9.08,64300,2.92,94525,18.76,62500,-5,90025,7.32,54300,8.2,85675,13.48,12500,5.56,135325,0.28,50700,-1.48,104275,2.92,28300,8.2,55750,11.72,52300,9.08,109825,19.64,47500,16.12,43075,0.28,50500,8.2,107350,17.88,29900,9.08,47050,5.56,85100,9.08,58975,-2.36,68100,9.08,109150,15.24
"Health Care Manager",10500,-0.6,78175,1.16,26900,2.92,123850,15.24,11700,16.12,100825,15.24,39500,9.96,53950,14.36,81100,19.64,124450,19.64,59100,5.56,115150,16.12,89500,0.28,131800,-3.24,80300,17.88,44650,-1.48,13700,-0.6,91975,12.6,48500,12.6,95125,-2.36,48300,-5,97975,3.8,97900,0.28,137950,10.84,23900,2.92,114775,2.92
"Program Administration Manager",4700,12.6,79525,12.6,82100,5.56,56950,-3.24,56700,1.16,118075,10.84,19700,17.88,106375,1.16,47700,17,79000,10.84,39500,1.16,125500,4.68,5100,-5,48025,3.8,14700,9.08,66100,2.92,46700,19.64,92575,11.72,75900,0.28,61600,3.8,37500,9.96,90325,-5,47300,-3.24,115750,9.08,62300,1.16,66325,17
"Community Manager",60700,17,136900,6.44,47100,13.48,143425,-2.36,89700,6.44,103150,3.8,41300,-3.24,44050,2.04,16700,-4.12,123925,9.08,33100,10.84,142225,-1.48,28500,14.36,113950,0.28,38100,17,55075,2.92,37700,0.28,50500,18.76,68900,0.28,137950,11.72,88700,4.68,66100,-0.6,6300,9.08,103000,10.84,75900,18.76,131875,3.8
"Library Manager",83700,14.36,149725,7.32,12700,-5,96400,17.88,44500,13.48,78625,5.56,72900,14.36,113800,13.48,46900,16.12,51700,-3.24,63700,-5,104500,18.76,40500,12.6,97600,10.84,85900,1.16,127075,7.32,81300,-0.6,104725,-1.48,66100,11.72,95125,17,72300,-4.12,108775,5.56,6100,9.08,101050,8.2,4300,2.92,81175,17.88
"Publiching Manager",75300,12.6,40825,2.04,68900,18.76,128575,8.2,23300,6.44,78175,-3.24,45500,-0.6,107125,6.44,62700,14.36,53425,10.84,15900,18.76,49600,0.28,19500,12.6,138175,11.72,51900,17,59350,1.16,26700,1.16,76300,5.56,74900,5.56,67225,9.08,97700,15.24,114250,16.12,78700,15.24,76150,4.68,83100,14.36,127300,16.12
"Corporate Sales Manager",42500,5.56,43825,12.6,95500,19.64,70225,-1.48,23500,15.24,132925,2.04,82700,-4.12,103675,-3.24,54900,7.32,137350,4.68,58900,19.64,57625,1.16,24300,0.28,43300,3.8,47900,17.88,101875,7.32,65300,15.24,132925,12.6,61500,14.36,43300,2.04,84100,10.84,68275,3.8,62700,18.76,122125,-3.24,4900,-1.48,61600,8.2
"Retail and Wholesale Trade Manager",24100,16.12,101350,9.08,16900,17.88,146125,12.6,76300,-3.24,144175,5.56,90500,3.8,57100,0.28,70700,9.08,68950,-4.12,49500,3.8,71125,-0.6,71700,-5,88150,5.56,88900,13.48,133900,-4.12,48100,11.72,68425,14.36,49700,19.64,129250,11.72,74700,6.44,56350,18.76,46700,17,119575,4.68,3700,10.84,47950,15.24
"Restaurant and Food Service Manager",23900,-4.12,136975,2.04,71300,4.68,135325,18.76,31100,16.12,131500,4.68,91700,-1.48,115375,0.28,14500,11.72,66625,5.56,69500,3.8,79675,18.76,75500,14.36,71725,9.96,91300,17,97750,3.8,29500,0.28,52600,-0.6,42900,0.28,145075,2.04,15700,13.48,51100,14.36,47300,17.88,43450,5.56,15100,3.8,126250,6.44
"Accommodation Service Manager",61700,8.2,105850,19.64,92100,10.84,126250,18.76,87100,-4.12,50950,11.72,93100,11.72,128200,17,49900,8.2,125800,9.96,77500,12.6,81700,2.92,43100,8.2,132250,11.72,50300,15.24,102025,-1.48,30100,16.12,110500,0.28,87700,16.12,148600,-2.36,89100,16.12,145075,-5,61100,13.48,59725,15.24,12300,19.64,82750,10.84
"Construction Manager",39300,-1.48,61600,5.56,69500,9.96,70675,2.04,28700,1.16,50725,17.88,36100,10.84,132625,14.36,47100,14.36,79075,7.32,39700,14.36,96025,18.76,80100,14.36,79675,12.6,76500,12.6,70675,18.76,64900,9.08,47725,9.08,98300,9.08,75475,15.24,10700,9.08,137500,3.8,19700,15.24,137800,13.48,8500,12.6,83800,-5
"Home Building and Renovation Manager",96900,8.2,110725,9.96,88900,-3.24,100300,13.48,92100,19.64,51925,5.56,64700,18.76,130900,7.32,99300,10.84,95050,17.88,81300,3.8,100225,-3.24,29900,2.92,148750,9.08,97900,0.28,121900,18.76,29700,15.24,72475,0.28,80700,0.28,45925,18.76,98700,7.32,69925,3.8,30500,9.96,48325,11.72,84700,19.64,109825,15.24
"Facility Operation and Maintenance Manager",59500,17,58375,19.64,88900,11.72,56950,15.24,27100,7.32,59350,17,21100,17,126025,13.48,78100,17.88,125350,6.44,28300,-5,133750,1.16,71300,-5,74800,7.32,29300,16.12,142300,3.8,26100,18.76,129700,-4.12,64700,10.84,130450,13.48,7700,8.2,92050,-5,26300,18.76,46075,11.72,55300,-2.36,143950,-4.12
"Transportation Manager",52300,13.48,49300,2.92,57300,0.28,146725,2.04,34500,-1.48,148150,8.2,70900,9.96,99625,13.48,34100,0.28,89125,-4.12,54500,12.6,102625,-2.36,82100,-4.12,65350,9.08,68100,3.8,117475,14.36,46900,3.8,45850,-3.24,35900,10.84,122275,14.36,88300,0.28,50650,-4.12,46500,-0.6,49825,0.28,34900,7.32,131050,4.68
"Natural Resources Manager",5100,4.68,43450,15.24,49500,-5,144100,3.8,40700,12.6,117250,18.76,13500,5.56,91525,5.56,22300,19.64,136675,-1.48,6500,17,42550,13.48,4700,-0.6,137125,6.44,39100,13.48,105250,-1.48,60100,18.76,85600,2.04,30700,18.76,88750,16.12,19500,-0.6,111475,10.84,28500,-4.12,55075,13.48,93500,9.08,117250,11.72
"Manufacturing Manager",65100,-4.12,133750,12.6,36300,14.36,127300,13.48,33300,-5,133450,0.28,61900,10.84,54325,10.84,50900,12.6,80200,-2.36,94100,9.08,127075,-3.24,63900,18.76,48775,-5,87900,12.6,66400,17,63900,-1.48,131725,0.28,49900,-1.48,76975,8.2,64500,17.88,58750,-0.6,27500,14.36,67450,-1.48,66300,-1.48,133825,-0.6
"Utilities Manager",71700,-4.12,56275,9.08,26900,1.16,100225,13.48,59700,16.12,81475,2.92,22300,13.48,119425,-3.24,39100,9.96,115975,2.92,31300,12.6,139150,17.88,69300,17,105250,0.28,21900,0.28,133450,2.92,9300,-0.6,124675,-2.36,13700,13.48,61225,6.44,26700,2.04,83875,9.08,93300,17,128950,2.04,29300,0.28,93625,17
"Geoscientist",6100,13.48,89350,-4.12,40100,4.68,89950,9.96,99300,17.88,117400,0.28,89100,-2.36,62200,5.56,60100,6.44,85825,7.32,63100,18.76,77875,19.64,75700,-0.6,78025,-5,22700,-4.12,80050,7.32,14500,1.16,91675,-2.36,44100,3.8,43225,1.16,27500,-2.36,147700,-2.36,9900,14.36,128950,3.8,58100,5.56,118150,4.68
"Oceanographers",28100,19.64,145300,13.48,26300,12.6,42850,-3.24,24700,0.28,50725,10.84,39700,17.88,44800,18.76,90900,4.68,64225,11.72,15900,9.08,106375,17,16100,17.88,83950,17,28300,4.68,125575,-3.24,79500,2.04,112000,17,92100,0.28,67525,8.2,45700,17,123400,5.56,87900,7.32,128275,19.64,82100,17.88,100300,11.72
"Meteorologist",97100,15.24,86575,-3.24,24100,19.64,58900,3.8,93700,14.36,66775,9.96,23700,5.56,109300,9.96,41900,16.12,92500,16.12,95900,-4.12,133075,-3.24,70700,3.8,51850,-1.48,73900,17.88,90625,6.44,15500,2.04,71725,-1.48,99100,5.56,97975,15.24,94700,12.6,64225,-3.24,12700,17,118000,5.56,57900,-3.24,69475,-4.12
"Climatologists",93700,5.56,53875,3.8,79500,15.24,65800,9.08,37300,7.32,44125,10.84,77700,9.96,60100,6.44,61700,-5,44200,-4.12,13100,2.04,137800,16.12,57300,3.8,124600,2.04,28100,10.84,95725,16.12,15300,10.84,116875,9.08,31500,-2.36,122050,15.24,89500,10.84,102100,11.72,25100,19.64,57850,9.08,41500,10.84,70825,18.76
"Mathematician",58500,6.44,95800,1.16,76100,19.64,71350,3.8,86300,2.04,69325,-5,34900,4.68,134725,13.48,82500,15.24,81925,2.92,71300,13.48,72700,-0.6,13100,13.48,135625,15.24,84100,-2.36,40000,0.28,38300,-1.48,121375,17,51900,-1.48,132700,9.08,5700,16.12,101200,7.32,9900,-5,41950,6.44,56300,-5,116875,6.44
"Statistician",67300,-1.48,42775,17.88,48100,4.68,51025,-4.12,7500,8.2,148975,4.68,61500,16.12,129400,-1.48,46100,12.6,59950,5.56,93700,-0.6,89650,11.72,37500,-3.24,124150,1.16,75900,7.32,79300,17.88,9300,13.48,42025,2.92,44700,-5,93475,10.84,97700,1.16,88975,2.92,20900,-3.24,125725,1.16,93700,9.08,125800,19.64
"Actuary",82300,-1.48,47875,10.84,42300,8.2,55000,10.84,42900,14.36,90850,9.96,81700,13.48,90850,17.88,40500,-5,146875,18.76,15300,13.48,73075,9.96,19500,2.92,96625,15.24,96100,10.84,126400,5.56,44500,15.24,132250,10.84,53500,19.64,70075,2.04,46900,5.56,137650,17.88,28700,3.8,121450,8.2,39700,-0.6,110950,13.48
"Information Systems Analyst",87700,6.44,115750,10.84,40100,14.36,134050,3.8,77900,-1.48,109375,6.44,62900,8.2,144550,-5,4900,15.24,90325,11.72,75500,7.32,60850,16.12,13300,11.72,49450,14.36,40100,0.28,130900,-3.24,68500,15.24,56575,16.12,55300,-1.48,142975,1.16,38300,10.84,75100,1.16,35300,-4.12,87775,7.32,7100,8.2,139375,-0.6
"Database Analyst",6300,9.96,93400,14.36,29700,13.48,97000,-0.6,13300,5.56,49825,-2.36,48900,18.76,92050,2.04,46100,-2.36,121075,9.08,80900,-3.24,61750,-3.24,22900,17.88,140050,6.44,51100,17.88,49300,5.56,67700,15.24,134650,15.24,6300,16.12,80950,-3.24,74900,11.72,108025,15.24,92500,16.12,148750,18.76,36900,2.04,129325,17
"Data Administrator",61300,4.68,110575,14.36,52500,11.72,128800,17.88,3500,6.44,49225,12.6,99700,1.16,141850,17,78500,-4.12,66775,17.88,11700,0.28,124225,-1.48,49100,-3.24,89425,2.04,57300,4.68,55600,8.2,76300,10.84,112300,-3.24,37100,2.04,131275,15.24,61100,-3.24,50650,-5,30500,16.12,60250,17.88,87300,13.48,103975,-5
"Computer Programmer",16300,17,66775,3.8,33900,2.04,107200,11.72,86300,15.24,123775,12.6,76100,14.36,130000,9.96,6900,16.12,58000,12.6,81300,11.72,74650,17,19700,-5,100450,-1.48,3900,6.44,139825,17,81700,7.32,122950,8.2,95700,9.96,91075,-5,30700,7.32,62350,14.36,42700,-0.6,43375,19.64,98700,9.96,132325,18.76
"Interactive Media Developer",69300,2.04,136150,13.48,34900,7.32,109075,-3.24,22700,-3.24,67675,11.72,68300,7.32,40675,10.84,70100,-3.24,116575,17,64500,12.6,107800,-3.24,52700,4.68,133225,18.76,67700,-1.48,56275,-5,73900,11.72,118600,7.32,65500,-3.24,134800,19.64,30700,2.92,130975,10.84,76700,13.48,43075,19.64,52500,9.96,90775,18.76
"Educational Counsellor",27900,1.16,77500,14.36,27300,1.16,57175,3.8,42500,16.12,48100,2.04,27100,15.24,77650,14.36,74700,9.96,143800,9.08,59500,11.72,68500,10.84,20900,3.8,79375,12.6,57300,-3.24,60550,3.8,57100,3.8,133525,-3.24,65300,1.16,148450,13.48,41900,10.84,64750,15.24,27700,0.28,58825,17,64300,19.64,97675,4.68
"Psychologist",82100,19.64,66250,10.84,38900,5.56,72100,-4.12,26500,5.56,55225,2.92,54900,10.84,90550,-3.24,90900,-5,47125,12.6,82900,19.64,61600,9.96,97900,0.28,63850,-4.12,11300,12.6,127075,0.28,56700,0.28,51400,-4.12,76900,10.84,129250,18.76,45900,2.92,127225,-2.36,40100,13.48,70750,4.68,66300,2.04,80425,7.32
"Employment Counsellor",26900,16.12,63700,10.84,30500,13.48,62725,5.56,27500,16.12,51475,-5,96900,11.72,134275,12.6,30900,0.28,147025,9.96,38500,7.32,111700,9.96,92300,7.32,78100,-5,81700,17,65125,17.88,46100,9.08,107800,0.28,36300,9.08,55900,9.96,52100,15.24,73900,10.84,64100,2.04,115000,9.08,11300,12.6,134350,17
"Economist",70100,-0.6,84550,9.08,61500,-2.36,133825,5.56,5100,17,97600,12.6,58900,-1.48,113125,16.12,46500,16.12,86125,-5,97300,2.04,120025,-5,34300,17.88,126925,-4.12,90100,14.36,45325,5.56,9900,-4.12,85225,9.96,60900,17.88,83950,16.12,59900,10.84,82150,11.72,93900,-2.36,57550,13.48,55500,17,104275,4.68
"Economic Policy Researcher",32900,-1.48,142375,8.2,88500,4.68,48250,2.04,29300,-0.6,111100,-5,57500,4.68,94225,-2.36,56500,14.36,109000,11.72,50100,10.84,46450,8.2,73500,3.8,55900,12.6,38500,8.2,43900,8.2,8500,-4.12,118600,0.28,19900,6.44,124525,14.36,52100,7.32,108025,10.84,47900,-4.12,85150,-4.12,89100,3.8,70000,-0.6
"Business Development Officer",54900,12.6,73825,10.84,73900,17.88,84100,12.6,96300,9.96,124750,17,42100,-2.36,128950,11.72,9300,17.88,106375,-1.48,37500,11.72,148450,17.88,43700,-2.36,106750,18.76,97300,17.88,48250,13.48,26700,17,130450,9.08,69900,19.64,132550,17,45500,8.2,124225,1.16,14900,-3.24,106000,-3.24,97500,-0.6,44575,6.44
"Marketing researcher",41100,7.32,87175,0.28,6900,6.44,146650,3.8,86500,13.48,86950,11.72,87700,-5,145075,7.32,17700,-3.24,57700,11.72,52100,9.08,148975,15.24,16300,-0.6,86425,-0.6,75100,-2.36,41875,-2.36,37900,16.12,85975,1.16,64300,-1.48,148600,17.88,78700,-3.24,73825,3.8,41100,-2.36,106300,9.96,87900,2.04,105100,5.56
"Translator",64300,5.56,55000,-1.48,14900,19.64,85975,11.72,90100,8.2,131875,9.08,45700,-3.24,113875,12.6,37900,14.36,144550,19.64,41700,1.16,126700,17.88,28900,0.28,116050,-1.48,62900,6.44,85075,6.44,53300,18.76,144250,14.36,55900,16.12,54025,-2.36,97700,9.08,133000,8.2,14300,-5,79225,2.04,46100,-1.48,103225,9.08
"Terminologist",24100,-3.24,105850,-2.36,19900,1.16,96550,15.24,14700,9.08,63775,7.32,11500,13.48,78925,7.32,98700,2.92,79150,2.92,39900,-4.12,111625,11.72,11700,-4.12,139675,12.6,30500,11.72,128500,-0.6,72900,9.08,70000,17.88,87500,3.8,78100,-1.48,30300,19.64,118375,17.88,32500,2.04,76150,9.08,93900,11.72,46825,11.72
"Interpreters",19300,11.72,58675,17,10500,18.76,59125,19.64,43900,2.92,66925,12.6,36300,2.92,90250,-3.24,32300,6.44,133975,-0.6,4700,-0.6,45175,4.68,15100,-3.24,121675,9.08,37300,9.96,95800,13.48,63700,-0.6,146275,2.92,49900,17,136450,0.28,66300,13.48,52750,10.84,11300,4.68,116575,7.32,71100,-5,127525,9.96
"Library and Public Archive Technician",95100,6.44,64225,-4.12,98100,18.76,69250,18.76,43500,7.32,127300,14.36,99500,8.2,85300,1.16,91700,5.56,52150,2.04,79500,9.08,135175,-0.6,33500,16.12,75550,-1.48,80900,5.56,49675,9.96,36900,17.88,83125,6.44,74100,10.84,75700,1.16,21300,4.68,46975,8.2,93100,2.04,76000,16.12,76900,-4.12,82300,5.56
"Film and Video Camera Operator",91100,7.32,55750,12.6,75100,-2.36,84925,-4.12,14100,0.28,138250,1.16,53100,-2.36,80725,7.32,5500,0.28,115600,17.88,79300,9.96,51175,8.2,54300,-4.12,60475,15.24,69700,19.64,84250,-3.24,38700,10.84,94300,-4.12,39700,2.92,93700,5.56,37900,9.08,131800,12.6,48500,18.76,56425,6.44,16700,14.36,46375,8.2
"Insurance Agent",35300,14.36,80875,5.56,79100,19.64,47200,7.32,86900,6.44,80575,7.32,95900,19.64,126550,17.88,71900,9.08,128650,2.92,68900,14.36,127300,-5,94300,19.64,69100,8.2,35300,13.48,77800,9.96,73900,14.36,51325,11.72,77500,5.56,56350,9.96,50500,16.12,40975,17.88,16700,-4.12,143350,19.64,53700,8.2,84850,7.32
"Real Estate Agent",80100,19.64,72100,2.04,34300,3.8,133150,5.56,40300,16.12,105925,8.2,54900,-0.6,81700,12.6,63500,13.48,87400,15.24,72500,-4.12,63025,1.16,57300,11.72,52450,2.04,31700,17,129250,-1.48,54500,2.04,54325,1.16,9500,-3.24,131575,-0.6,6700,18.76,61825,0.28,63700,8.2,120925,8.2,11900,6.44,142825,-4.12
"Financial Sales Representative",71900,4.68,70825,1.16,52900,-2.36,143575,16.12,66100,-2.36,86725,9.96,19500,-4.12,59275,17,12300,-3.24,89500,2.04,44100,-1.48,69025,17.88,5100,6.44,44275,1.16,19300,-2.36,120325,15.24,86700,18.76,147475,5.56,57900,-0.6,86200,11.72,96900,9.96,63400,9.96,97500,17,85825,17.88,74500,13.48,70300,2.92
"Civil Engineer",45900,10.84,148150,13.48,53100,2.04,146800,2.92,83900,1.16,132925,0.28,95500,11.72,137800,-0.6,75300,19.64,42775,2.92,31700,3.8,50725,2.04,8500,18.76,75400,3.8,60700,19.64,118000,6.44,45500,15.24,122950,18.76,7900,19.64,50800,13.48,45300,2.04,115600,9.96,41900,-2.36,56800,8.2,80900,3.8,102100,10.84
"Mechanical Engineer",41100,13.48,145000,-1.48,64100,6.44,52975,11.72,21700,10.84,63025,-5,78900,17.88,78775,17.88,63700,0.28,62125,4.68,82700,16.12,105250,11.72,10700,5.56,130525,5.56,9300,17,58150,8.2,11900,11.72,68575,13.48,90100,10.84,146200,11.72,82700,-1.48,93925,16.12,8100,-4.12,143500,-5,93100,17,72475,17.88
"Electrical Engineer",81900,19.64,90400,11.72,59900,2.04,113950,-3.24,98300,3.8,74875,-3.24,24700,13.48,113650,19.64,5300,17.88,125200,16.12,40700,5.56,52975,0.28,6700,2.92,140050,16.12,90700,-0.6,52675,-2.36,32900,16.12,111250,-5,88300,9.96,44200,9.96,32700,9.96,121375,1.16,24900,10.84,48100,-2.36,31100,9.96,70150,3.8
"Railway Traffic Controller",53700,17.88,145600,-2.36,86100,-4.12,116425,11.72,58100,14.36,81925,11.72,52300,13.48,110425,11.72,37300,9.96,50950,10.84,6300,-3.24,90325,2.04,55300,15.24,82600,19.64,9900,4.68,68425,-5,16100,17,83350,9.08,17100,-1.48,61450,-3.24,89900,-0.6,114400,-4.12,20100,-1.48,138475,4.68,3700,16.12,84250,-2.36
"Marine Traffic Regulators",56900,17.88,109000,12.6,75300,7.32,133075,16.12,39100,-3.24,146650,-3.24,36700,-2.36,82900,16.12,16900,9.08,102325,7.32,82100,12.6,94600,9.96,61100,7.32,107950,9.08,51900,18.76,66250,4.68,99500,-4.12,79300,8.2,63900,2.04,55225,15.24,29500,15.24,103300,0.28,8700,9.08,148450,10.84,73300,11.72,68725,7.32
"Pharmacist",43100,0.28,130675,2.92,5100,14.36,89950,-0.6,31500,17.88,60025,7.32,25300,6.44,116425,17,23900,11.72,41500,-3.24,7300,15.24,60400,-3.24,30300,16.12,141175,5.56,64700,18.76,57475,17,38900,12.6,57700,18.76,92300,17,129250,8.2,6100,-5,81550,-5,14500,15.24,68275,10.84,65500,19.64,102700,-3.24
"Dietitian",5900,13.48,132025,11.72,18900,-5,141400,15.24,47900,6.44,117175,9.08,92700,-3.24,116500,-1.48,16700,6.44,102025,6.44,84500,13.48,110275,9.96,3700,-3.24,97300,13.48,31900,14.36,129325,2.92,95700,-2.36,73975,5.56,27500,4.68,140350,-4.12,84700,9.96,130075,3.8,88900,19.64,59350,8.2,37300,-4.12,48550,13.48
"Nutritionist",69700,8.2,73750,1.16,93100,15.24,65425,-3.24,18500,2.92,130150,14.36,61900,-5,53050,17,92300,1.16,86950,-4.12,27900,-1.48,79975,8.2,90100,10.84,60475,9.96,56500,7.32,93025,-3.24,81300,3.8,86275,17.88,53500,4.68,147775,16.12,78900,6.44,90325,14.36,83500,6.44,65500,11.72,48300,2.04,61375,-2.36
"Medical Radiation Technologist",51300,14.36,76825,2.04,60500,-0.6,57250,10.84,56300,-0.6,116800,19.64,5100,17.88,117325,12.6,93300,12.6,57400,12.6,7300,7.32,107425,2.92,32100,16.12,123100,8.2,66500,17.88,97675,-3.24,3900,-5,56950,11.72,44300,9.96,61750,-0.6,20300,2.92,64825,1.16,43700,0.28,45550,12.6,78500,4.68,75025,0.28
